{
    "A": [
        [
            3.0,
            2.0
        ],
        [
            -3.0,
            2.0
        ],
        [
            0.0,
            1.0
        ],
        [
            -1.9999999999999996,
            1.9999999999999998
        ]
    ],
    "B": [],
    "b": [
        6.0,
        0.0,
        1.0,
        0.0
    ],
    "c": [
        0.0,
        -1.0
    ],
    "d": [],
    "n1": 2,
    "nCuts": 2,
    "sols": [
        [
            1.0,
            1.5
        ],
        [
            0.6666666666666666,
            1.0
        ],
        [
            1.0,
            1.0
        ]
    ]
}
