{
    "cuts_coeffs": [
        [
            -1.0,
            0.6666666666666665
        ]
    ],
    "cuts_rhs": [
        0.0
    ],
    "sols": [
        [
            0.6666666666666666,
            2.0
        ],
        [
            0.9999999999999998,
            1.5
        ]
    ]
}
