{
    "cuts_coeffs": [
        [
            -0.11111111111111116,
            0.05555555555555556
        ]
    ],
    "cuts_rhs": [
        0.0
    ],
    "sols": [
        [
            0.1,
            2.0
        ],
        [
            1.0000000000000004,
            2.0
        ]
    ]
}
