{
    "cuts_coeffs": [
        [
            -1.0,
            0.6666666666666667
        ],
        [
            0.0,
            1.0
        ],
        [
            1.0,
            1.0
        ]
    ],
    "cuts_rhs": [
        0.0,
        1.0,
        2.0
    ],
    "sols": [
        [
            0.6666666666666667,
            2.0
        ],
        [
            1.0,
            1.5
        ],
        [
            1.3333333333333335,
            1.0
        ],
        [
            1.0,
            1.0
        ]
    ]
}
